{"mc":{
	"NoticeStartBtn":{
		"frameRate":24,
		"events":[
			
			],
		"frames":[
			
			{
			"res":"30DCAD3C",
			"x":1,
			"y":1
			},
			{
			"res":"F641DF51",
			"x":1,
			"y":1
			},
			{
			"res":"D4B25317",
			"x":1,
			"y":1
			},
			{
			"res":"8843AC2D",
			"x":1,
			"y":1
			}
			]
}},
	"res":{
		"30DCAD3C":{"x":1,"y":1,"w":288,"h":100},
		"F641DF51":{"x":1,"y":103,"w":288,"h":100},
		"8843AC2D":{"x":1,"y":205,"w":288,"h":100},
		"D4B25317":{"x":1,"y":307,"w":288,"h":100}
	}}