{"file":"CreateRole.png","frames":{
"friendship_daimyo_01_0":{"x":383,"y":149,"w":103,"h":149,"offX":0,"offY":0,"sourceW":103,"sourceH":149},
"friendship_daimyo_01_6":{"x":383,"y":0,"w":103,"h":149,"offX":0,"offY":0,"sourceW":103,"sourceH":149},
"friendship_daimyo_02_0":{"x":0,"y":641,"w":55,"h":97,"offX":0,"offY":0,"sourceW":55,"sourceH":97},
"friendship_daimyo_02_6":{"x":146,"y":599,"w":55,"h":97,"offX":0,"offY":0,"sourceW":55,"sourceH":97},
"friendship_daimyo_03_0":{"x":250,"y":118,"w":133,"h":118,"offX":0,"offY":0,"sourceW":133,"sourceH":118},
"friendship_daimyo_03_6":{"x":250,"y":0,"w":133,"h":118,"offX":0,"offY":0,"sourceW":133,"sourceH":118},
"friendship_daimyo_04_0":{"x":146,"y":481,"w":57,"h":118,"offX":0,"offY":0,"sourceW":57,"sourceH":118},
"friendship_daimyo_04_6":{"x":448,"y":298,"w":57,"h":118,"offX":0,"offY":0,"sourceW":57,"sourceH":118},
"friendship_daimyo_05_0":{"x":125,"y":0,"w":125,"h":127,"offX":0,"offY":0,"sourceW":125,"sourceH":127},
"friendship_daimyo_05_6":{"x":0,"y":0,"w":125,"h":127,"offX":0,"offY":0,"sourceW":125,"sourceH":127},
"friendship_daimyo_06_0":{"x":201,"y":646,"w":64,"h":64,"offX":0,"offY":0,"sourceW":64,"sourceH":64},
"friendship_daimyo_06_6":{"x":267,"y":634,"w":64,"h":64,"offX":0,"offY":0,"sourceW":64,"sourceH":64},
"friendship_daimyo_07_0":{"x":69,"y":638,"w":64,"h":84,"offX":0,"offY":0,"sourceW":64,"sourceH":84},
"friendship_daimyo_07_6":{"x":203,"y":562,"w":64,"h":84,"offX":0,"offY":0,"sourceW":64,"sourceH":84},
"friendship_daimyo_08_0":{"x":343,"y":428,"w":69,"h":125,"offX":0,"offY":0,"sourceW":69,"sourceH":125},
"friendship_daimyo_08_6":{"x":0,"y":516,"w":69,"h":125,"offX":0,"offY":0,"sourceW":69,"sourceH":125},
"friendship_daimyo_09_0":{"x":73,"y":473,"w":73,"h":127,"offX":0,"offY":0,"sourceW":73,"sourceH":127},
"friendship_daimyo_09_6":{"x":0,"y":389,"w":73,"h":127,"offX":0,"offY":0,"sourceW":73,"sourceH":127},
"friendship_daimyo_10_0":{"x":293,"y":236,"w":77,"h":134,"offX":0,"offY":0,"sourceW":77,"sourceH":134},
"friendship_daimyo_10_6":{"x":216,"y":236,"w":77,"h":134,"offX":0,"offY":0,"sourceW":77,"sourceH":134},
"friendship_daimyo_11_0":{"x":78,"y":366,"w":91,"h":107,"offX":0,"offY":0,"sourceW":91,"sourceH":107},
"friendship_daimyo_11_6":{"x":78,"y":259,"w":91,"h":107,"offX":0,"offY":0,"sourceW":91,"sourceH":107},
"friendship_daimyo_12_0":{"x":0,"y":259,"w":78,"h":130,"offX":0,"offY":0,"sourceW":78,"sourceH":130},
"friendship_daimyo_12_6":{"x":370,"y":298,"w":78,"h":130,"offX":0,"offY":0,"sourceW":78,"sourceH":130},
"friendship_daimyo_13_0":{"x":281,"y":553,"w":78,"h":81,"offX":0,"offY":0,"sourceW":78,"sourceH":81},
"friendship_daimyo_13_6":{"x":203,"y":481,"w":78,"h":81,"offX":0,"offY":0,"sourceW":78,"sourceH":81},
"friendship_daimyo_14_0":{"x":108,"y":127,"w":108,"h":132,"offX":0,"offY":0,"sourceW":108,"sourceH":132},
"friendship_daimyo_14_6":{"x":0,"y":127,"w":108,"h":132,"offX":0,"offY":0,"sourceW":108,"sourceH":132},
"friendship_daimyo_15_0":{"x":412,"y":533,"w":78,"h":105,"offX":0,"offY":0,"sourceW":78,"sourceH":105},
"friendship_daimyo_15_6":{"x":412,"y":428,"w":78,"h":105,"offX":0,"offY":0,"sourceW":78,"sourceH":105},
"friendship_daimyo_16_0":{"x":256,"y":370,"w":87,"h":111,"offX":0,"offY":0,"sourceW":87,"sourceH":111},
"friendship_daimyo_16_6":{"x":169,"y":370,"w":87,"h":111,"offX":0,"offY":0,"sourceW":87,"sourceH":111},
"friendship_nyamon_09":{"x":281,"y":481,"w":41,"h":41,"offX":0,"offY":1,"sourceW":42,"sourceH":42},
"friendship_nyamon_10":{"x":133,"y":696,"w":40,"h":41,"offX":1,"offY":1,"sourceW":42,"sourceH":42},
"friendship_nyamon_11":{"x":169,"y":300,"w":41,"h":40,"offX":0,"offY":2,"sourceW":42,"sourceH":42},
"friendship_nyamon_12":{"x":95,"y":722,"w":38,"h":37,"offX":2,"offY":3,"sourceW":42,"sourceH":42},
"friendship_nyamon_13":{"x":169,"y":259,"w":40,"h":41,"offX":1,"offY":1,"sourceW":42,"sourceH":42},
"friendship_nyamon_14":{"x":80,"y":763,"w":40,"h":41,"offX":1,"offY":1,"sourceW":42,"sourceH":42},
"friendship_nyamon_15":{"x":0,"y":779,"w":40,"h":41,"offX":1,"offY":1,"sourceW":42,"sourceH":42},
"friendship_nyamon_16":{"x":40,"y":763,"w":40,"h":41,"offX":1,"offY":1,"sourceW":42,"sourceH":42},
"friendship_nyamon_01":{"x":359,"y":592,"w":40,"h":35,"offX":1,"offY":4,"sourceW":42,"sourceH":42},
"friendship_nyamon_02":{"x":0,"y":738,"w":40,"h":41,"offX":1,"offY":1,"sourceW":42,"sourceH":42},
"friendship_nyamon_03":{"x":169,"y":340,"w":42,"h":27,"offX":0,"offY":6,"sourceW":42,"sourceH":42},
"friendship_nyamon_04":{"x":69,"y":600,"w":40,"h":35,"offX":1,"offY":4,"sourceW":42,"sourceH":42},
"friendship_nyamon_05":{"x":55,"y":722,"w":40,"h":41,"offX":1,"offY":1,"sourceW":42,"sourceH":42},
"friendship_nyamon_06":{"x":359,"y":553,"w":39,"h":39,"offX":2,"offY":2,"sourceW":42,"sourceH":42},
"friendship_nyamon_07":{"x":133,"y":737,"w":40,"h":41,"offX":1,"offY":1,"sourceW":42,"sourceH":42},
"friendship_nyamon_08":{"x":281,"y":522,"w":40,"h":31,"offX":1,"offY":6,"sourceW":42,"sourceH":42}}}