{
	"groups": [
		{
			"keys": "bg_jpg,egret_icon_png,description_json,cfgs,common,main_map_upperparts,band,friendship_map_base,mbtnGoods_png,mbtnHero_png",
			"name": "preload"
		}
	],
	"resources": [
		{
			"url": "assets/bg.jpg",
			"type": "image",
			"name": "bg_jpg"
		},
		{
			"url": "assets/egret_icon.png",
			"type": "image",
			"name": "egret_icon_png"
		},
		{
			"url": "config/description.json",
			"type": "json",
			"name": "description_json"
		},
		{
			"url": "remote/data/cfgs.json",
			"type": "json",
			"name": "cfgs"
		},
		{
			"url": "ui/skin/Common/common.json",
			"type": "sheet",
			"name": "common",
			"subkeys": "btn_nextpage,btn_no,btn_quicksend,btn_yes,common_background_00"
		},
		{
			"url": "remote/i/tmp/main_map_upperparts.png",
			"type": "image",
			"name": "main_map_upperparts"
		},
		{
			"url": "remote/i/tmp/band.png",
			"type": "image",
			"name": "band"
		},
		{
			"url": "remote/i/tmp/friendship_map_base.png",
			"type": "image",
			"name": "friendship_map_base"
		},
		{
			"name": "mbtnGoods_png",
			"type": "image",
			"url": "assets/mbtnGoods.png"
		},
		{
			"name": "mbtnHero_png",
			"type": "image",
			"url": "assets/mbtnHero.png"
		}
	]
}