{
	"groups":[
		{
			"keys":"login",
			"name":"Login"
		},
		{
			"keys":"ServerSelect",
			"name":"ServerSelect"
		},
		{
			"keys":"ConfirmAgree",
			"name":"ConfirmAgree"
		},
		{
			"keys":"CreateRole",
			"name":"CreateRole"
		},
		{
			"keys":"Subtitles",
			"name":"Subtitles"
		}
	],
	"resources":[
		{
			"name":"login",
			"subkeys":"account,ad_bg,btn_log,btn_reg,idcard,log_bg,newAccount,pwd,pwd1,pwd2,realname,title_log_1,title_log_2,title_reg_1,title_reg_2",
			"type":"sheet",
			"url":"ui/skin/Login/login.json"
		},
		{
			"name":"ServerSelect",
			"subkeys":"bg,listItemBkgd",
			"type":"sheet",
			"url":"ui/skin/ServerSelect/ServerSelect.json"
		},
		{
			"name":"ConfirmAgree",
			"subkeys":"btn_agree_gamestart",
			"type":"sheet",
			"url":"ui/skin/ConfirmAgree/ConfirmAgree.json"
		},
		{
			"name":"CreateRole",
			"subkeys":"friendship_daimyo_01_0,friendship_daimyo_01_6,friendship_daimyo_02_0,friendship_daimyo_02_6,friendship_daimyo_03_0,friendship_daimyo_03_6,friendship_daimyo_04_0,friendship_daimyo_04_6,friendship_daimyo_05_0,friendship_daimyo_05_6,friendship_daimyo_06_0,friendship_daimyo_06_6,friendship_daimyo_07_0,friendship_daimyo_07_6,friendship_daimyo_08_0,friendship_daimyo_08_6,friendship_daimyo_09_0,friendship_daimyo_09_6,friendship_daimyo_10_0,friendship_daimyo_10_6,friendship_daimyo_11_0,friendship_daimyo_11_6,friendship_daimyo_12_0,friendship_daimyo_12_6,friendship_daimyo_13_0,friendship_daimyo_13_6,friendship_daimyo_14_0,friendship_daimyo_14_6,friendship_daimyo_15_0,friendship_daimyo_15_6,friendship_daimyo_16_0,friendship_daimyo_16_6,friendship_nyamon_01,friendship_nyamon_02,friendship_nyamon_03,friendship_nyamon_04,friendship_nyamon_05,friendship_nyamon_06,friendship_nyamon_07,friendship_nyamon_08,friendship_nyamon_09,friendship_nyamon_10,friendship_nyamon_11,friendship_nyamon_12,friendship_nyamon_13,friendship_nyamon_14,friendship_nyamon_15,friendship_nyamon_16",
			"type":"sheet",
			"url":"ui/skin/CreateRole/CreateRole.json"
		},
		{
			"name":"Subtitles",
			"subkeys":"btn_game_start,nekogami",
			"type":"sheet",
			"url":"ui/skin/Subtitles/Subtitles.json"
		}
	]
}