{"file":"login.png","frames":{
"account":{"x":280,"y":458,"w":45,"h":23,"offX":29,"offY":0,"sourceW":74,"sourceH":23},
"ad_bg":{"x":0,"y":0,"w":409,"h":359,"offX":0,"offY":0,"sourceW":409,"sourceH":359},
"btn_log":{"x":0,"y":359,"w":221,"h":41,"offX":0,"offY":0,"sourceW":221,"sourceH":41},
"btn_reg":{"x":0,"y":400,"w":221,"h":41,"offX":0,"offY":0,"sourceW":221,"sourceH":41},
"idcard":{"x":280,"y":439,"w":58,"h":19,"offX":19,"offY":0,"sourceW":77,"sourceH":19},
"log_bg":{"x":409,"y":0,"w":395,"h":359,"offX":0,"offY":0,"sourceW":395,"sourceH":359},
"newAccount":{"x":230,"y":482,"w":76,"h":19,"offX":0,"offY":0,"sourceW":77,"sourceH":19},
"pwd":{"x":306,"y":481,"w":44,"h":23,"offX":30,"offY":0,"sourceW":74,"sourceH":23},
"pwd1":{"x":77,"y":482,"w":77,"h":19,"offX":0,"offY":0,"sourceW":77,"sourceH":19},
"pwd2":{"x":0,"y":482,"w":77,"h":19,"offX":0,"offY":0,"sourceW":77,"sourceH":19},
"realname":{"x":154,"y":482,"w":76,"h":19,"offX":0,"offY":0,"sourceW":77,"sourceH":19},
"title_log_1":{"x":140,"y":441,"w":140,"h":41,"offX":0,"offY":0,"sourceW":140,"sourceH":41},
"title_log_2":{"x":0,"y":441,"w":140,"h":41,"offX":0,"offY":0,"sourceW":140,"sourceH":41},
"title_reg_1":{"x":221,"y":399,"w":140,"h":40,"offX":0,"offY":0,"sourceW":140,"sourceH":40},
"title_reg_2":{"x":221,"y":359,"w":140,"h":40,"offX":0,"offY":0,"sourceW":140,"sourceH":40}}}